{
    "MoveUp": {
        "duration": 13.264,
        "start_time": 0.139,
        "fixations": {
            "RHand": [
                {
                    "duration": 1.493,
                    "start_time": 0.107,
                    "ratio": 0.11256031363088059
                }
            ],
            "VisualServoing": [
                {
                    "duration": 11.802999999999999,
                    "start_time": 1.6,
                    "ratio": 0.8898522316043426
                }
            ]
        }
    },
    "MoveDown": {
        "duration": 6.5,
        "start_time": 13.402999999999999,
        "fixations": {
            "VisualServoing": [
                {
                    "duration": 3.9470000000000027,
                    "start_time": 13.402999999999999,
                    "ratio": 0.6072307692307697
                }
            ],
            "Object": [
                {
                    "duration": 2.5,
                    "start_time": 17.35,
                    "ratio": 0.38461538461538464
                }
            ],
            "Direction": [
                {
                    "duration": 0.05299999999999727,
                    "start_time": 19.85,
                    "ratio": 0.008153846153845734
                }
            ]
        }
    },
    "Move": {
        "duration": 5.349,
        "start_time": 19.903,
        "fixations": {
            "Direction": [
                {
                    "duration": 5.349,
                    "start_time": 19.903,
                    "ratio": 1.0
                }
            ]
        }
    },
    "Regrasp": {
        "duration": 5.75,
        "start_time": 25.252,
        "fixations": {
            "Direction": [
                {
                    "duration": 5.75,
                    "start_time": 25.252,
                    "ratio": 1.0
                }
            ]
        }
    },
    "Place": {
        "duration": 3.714000000000002,
        "start_time": 31.002,
        "fixations": {
            "Direction": [
                {
                    "duration": 3.714000000000002,
                    "start_time": 31.002,
                    "ratio": 1.0
                }
            ]
        }
    }
}