{
    "MoveUp": {
        "duration": 14.094000000000001,
        "start_time": 2.7680000000000002,
        "fixations": {
            "Object": [
                {
                    "duration": 1.9469999999999996,
                    "start_time": 2.7680000000000002,
                    "ratio": 0.1381438910174542
                },
                {
                    "duration": 0.25099999999999945,
                    "start_time": 11.465,
                    "ratio": 0.01780899673619976
                }
            ],
            "VisualServoing": [
                {
                    "duration": 6.75,
                    "start_time": 4.715,
                    "ratio": 0.47892720306513403
                }
            ],
            "LHand": [
                {
                    "duration": 1.2460000000000004,
                    "start_time": 11.716,
                    "ratio": 0.08840641407691219
                },
                {
                    "duration": 1.645999999999999,
                    "start_time": 13.215,
                    "ratio": 0.11678728536966076
                },
                {
                    "duration": 0.25,
                    "start_time": 16.111,
                    "ratio": 0.017738044557967927
                }
            ],
            "RHand": [
                {
                    "duration": 0.14899999999999913,
                    "start_time": 12.962,
                    "ratio": 0.010571874556548823
                }
            ],
            "Head": [
                {
                    "duration": 0.5010000000000012,
                    "start_time": 16.361,
                    "ratio": 0.03554704129416782
                }
            ],
            "Direction": [
                {
                    "duration": 0.75,
                    "start_time": 14.860999999999999,
                    "ratio": 0.053214133673903784
                }
            ]
        }
    },
    "Move": {
        "duration": 14.998999999999999,
        "start_time": 16.862000000000002,
        "fixations": {
            "Head": [
                {
                    "duration": 0.5,
                    "start_time": 31.361,
                    "ratio": 0.03333555570371358
                }
            ],
            "Direction": [
                {
                    "duration": 3.25,
                    "start_time": 17.112000000000002,
                    "ratio": 0.2166811120741383
                },
                {
                    "duration": 1.4990000000000023,
                    "start_time": 21.362,
                    "ratio": 0.09993999599973348
                }
            ],
            "LHand": [
                {
                    "duration": 0.9999999999999964,
                    "start_time": 20.362000000000002,
                    "ratio": 0.06667111140742693
                },
                {
                    "duration": 0.5009999999999977,
                    "start_time": 22.861,
                    "ratio": 0.03340222681512085
                }
            ],
            "Object": [
                {
                    "duration": 7.75,
                    "start_time": 23.362,
                    "ratio": 0.5167011134075605
                }
            ],
            "Torso": [
                {
                    "duration": 0.24900000000000233,
                    "start_time": 31.112,
                    "ratio": 0.01660110674044952
                }
            ]
        }
    }
}