{
    "MoveUp": {
        "duration": 8.134,
        "start_time": 1.35,
        "fixations": {
            "VisualServoing": [
                {
                    "duration": 4.5009999999999994,
                    "start_time": 2.6010000000000004,
                    "ratio": 0.5533562822719448
                }
            ],
            "LHand": [
                {
                    "duration": 1.0,
                    "start_time": 7.102,
                    "ratio": 0.12294074256208506
                }
            ],
            "RHand": [
                {
                    "duration": 1.3819999999999997,
                    "start_time": 8.102,
                    "ratio": 0.16990410622080152
                }
            ]
        }
    },
    "MoveDown": {
        "duration": 7.226000000000001,
        "start_time": 9.484,
        "fixations": {
            "RHand": [
                {
                    "duration": 2.6180000000000003,
                    "start_time": 9.484,
                    "ratio": 0.3623027954608359
                }
            ],
            "VisualServoing": [
                {
                    "duration": 3.0,
                    "start_time": 12.102,
                    "ratio": 0.4151674508718516
                }
            ],
            "Direction": [
                {
                    "duration": 1.6080000000000005,
                    "start_time": 15.102,
                    "ratio": 0.22252975366731254
                }
            ]
        }
    },
    "Move": {
        "duration": 8.0,
        "start_time": 16.71,
        "fixations": {
            "Direction": [
                {
                    "duration": 0.0,
                    "start_time": 16.71,
                    "ratio": 0.0
                },
                {
                    "duration": 3.25,
                    "start_time": 18.46,
                    "ratio": 0.40625
                },
                {
                    "duration": 1.5,
                    "start_time": 23.21,
                    "ratio": 0.1875
                }
            ],
            "Torso": [
                {
                    "duration": 1.75,
                    "start_time": 16.71,
                    "ratio": 0.21875
                }
            ],
            "Head": [
                {
                    "duration": 1.5,
                    "start_time": 21.71,
                    "ratio": 0.1875
                }
            ],
            "Object": [
                {
                    "duration": 0.0,
                    "start_time": 24.71,
                    "ratio": 0.0
                }
            ]
        }
    },
    "Place": {
        "duration": 8.75,
        "start_time": 24.71,
        "fixations": {
            "Object": [
                {
                    "duration": 1.25,
                    "start_time": 24.71,
                    "ratio": 0.14285714285714285
                },
                {
                    "duration": 1.25,
                    "start_time": 31.96,
                    "ratio": 0.14285714285714285
                }
            ],
            "Direction": [
                {
                    "duration": 0.25,
                    "start_time": 33.21,
                    "ratio": 0.02857142857142857
                }
            ]
        }
    }
}